ISBN;Book-Title;Book-Author
9788408057932;La sombra del viento;Carlos Ruiz Zafón
9788401337208;El juego del ángel;Carlos Ruiz Zafón
9788408172178;El prisionero del cielo;Carlos Ruiz Zafón
9788497592208;Los pilares de la Tierra;Ken Follett
9788408069959;Un mundo sin fin;Ken Follett
9788408163138;El código Da Vinci;Dan Brown
9788408183389;Inferno;Dan Brown
9788408204671;Origen;Dan Brown
9788420471839;Rayuela;Julio Cortázar
9788437604947;Cien años de soledad;Gabriel García Márquez
9788408197409;El amor en los tiempos del cólera;Gabriel García Márquez
9788497594295;El Alquimista;Paulo Coelho
9788408044635;Veronika decide morir;Paulo Coelho
9788466341675;Brida;Paulo Coelho
9788420431833;La casa de los espíritus;Isabel Allende
9789505112908;Eva Luna;Isabel Allende
9788467031643;El túnel;Ernesto Sábato
9788420422312;Don Quijote de la Mancha;Miguel de Cervantes
9788420471839;Pedro Páramo;Juan Rulfo
9788498389447;La chica del tren;Paula Hawkins
9788413142205;La bibliotecaria de Auschwitz;Antonio G. Iturbe
9788497592589;El niño con el pijama de rayas;John Boyne
9788408063063;El psicoanalista;John Katzenbach
9788408092780;La catedral del mar;Ildefonso Falcones
9788420432200;Crónica de una muerte anunciada;Gabriel García Márquez
9788498923103;Cometierra;Dolores Reyes  
9788417648530;El caballero de la mano en el pecho;Mark Lawrence  
9788420432200;Crónica de una muerte anunciada;Gabriel García Márquez  
9788467027226;La sombra de la sirena;Camilla Läckberg  
9788490709443;Los hombres mejor educados;Carmen Posadas  
9788413142205;La bibliotecaria de Auschwitz;Antonio G. Iturbe  
9788413143318;El jardín olvidado;Kate Morton  
9788416777263;El día que se perdió la cordura;Amor Towles  
9788498389447;La chica del tren;Paula Hawkins  
9788445071413;El hobbit;J.R.R. Tolkien  
9788499890941;1984;George Orwell  
9788491052064;Mujercitas;Louisa May Alcott  
9788491052040;Orgullo y prejuicio;Jane Austen  
9788416670903;Las herederas;Aixa de la Cruz  
9788496246086;El juego del alma;Clive Barker  
9788415097966;La chica del 13 a;Heather Hildenbrand  
9788408210535;La canción de Aquiles;Madeline Miller  
9788427218308;El tren de los huérfanos;Christina Baker Kline  
9788418111138;La buena esposa;Kristin Hannah  
9788416450583;La ciudad de vapor;Carlos Ruiz Zafón  
9788497595961;El juego del ángel;Carlos Ruiz Zafón
9788408172178;El prisionero del cielo;Carlos Ruiz Zafón
9788417541467;El laberinto de los espíritus;Carlos Ruiz Zafón
9788408092209;Los pilares de la Tierra;Ken Follett
9788408069959;Un mundo sin fin;Ken Follett
9788401012181;Una columna de fuego;Ken Follett
9788408250760;Nunca;Ken Follett
9788408204671;Origen;Dan Brown
9788408163138;El código Da Vinci;Dan Brown
9788408183389;Inferno;Dan Brown
9788408053033;Ángeles y demonios;Dan Brown
9788437604947;Cien años de soledad;Gabriel García Márquez
9788420432208;Crónica de una muerte anunciada;Gabriel García Márquez
9788437604183;El amor en los tiempos del cólera;Gabriel García Márquez
9788497592208;El Alquimista;Paulo Coelho
9788408044635;Veronika decide morir;Paulo Coelho
9788466341675;Brida;Paulo Coelho
9788408063063;El psicoanalista;John Katzenbach
9788499080642;La historia del loco;John Katzenbach
9788408147565;Un final perfecto;John Katzenbach
9788413142205;La bibliotecaria de Auschwitz;Antonio G. Iturbe
9788498389447;La chica del tren;Paula Hawkins
9788408163668;Escrito en el agua;Paula Hawkins
9788490709443;Los hombres mejor educados;Carmen Posadas
9788416261293;El silencio de la ciudad blanca;Eva García Sáenz de Urturi
9788491292081;Los ritos del agua;Eva García Sáenz de Urturi
9788491292289;Los señores del tiempo;Eva García Sáenz de Urturi
9788408114776;El tiempo entre costuras;María Dueñas
9788408115919;Misión olvido;María Dueñas
9788408192149;Sira;María Dueñas
9788420471839;Rayuela;Julio Cortázar
9788420431833;La casa de los espíritus;Isabel Allende
9789505112908;Eva Luna;Isabel Allende
9788408250917;Violeta;Isabel Allende
9789505112908;De amor y de sombra;Isabel Allende
9788420481838;La tregua;Mario Benedetti
9788420475950;Gracias por el fuego;Mario Benedetti
9788498387543;La sombra del viento;Carlos Ruiz Zafón
9788420491837;Fervor de Buenos Aires;Jorge Luis Borges
9788498383736;El Aleph;Jorge Luis Borges
9788408069854;Fahrenheit 451;Ray Bradbury
9788497592589;El niño con el pijama de rayas;John Boyne
9788408210535;La canción de Aquiles;Madeline Miller
9788420472119;La metamorfosis;Franz Kafka
9788420412146;El proceso;Franz Kafka
9788499890941;1984;George Orwell
9788497937891;Rebelión en la granja;George Orwell
9788491052040;Orgullo y prejuicio;Jane Austen
9788491052064;Mujercitas;Louisa May Alcott
9788408092780;La catedral del mar;Ildefonso Falcones
9788420433042;La mano de Fátima;Ildefonso Falcones
9788413143318;El jardín olvidado;Kate Morton
9788416890738;La hija del relojero;Kate Morton
9788418032457;El regreso;Nicholas Sparks
9788490709443;Querido John;Nicholas Sparks
9788408206439;Bajo la misma estrella;John Green
9788420412146;Ciudades de papel;John Green
9788420426884;Mil soles espléndidos;Khaled Hosseini
9788499080087;Cometas en el cielo;Khaled Hosseini
9788408197409;Y las montañas hablaron;Khaled Hosseini
9788413842600;La ladrona de libros;Markus Zusak
9788467031643;El túnel;Ernesto Sábato
9788497594295;Once minutos;Paulo Coelho
9788408092780;El invierno del mundo;Ken Follett
9788408092797;El umbral de la eternidad;Ken Follett
9788417648530;Una corte de rosas y espinas;Sarah J. Maas
9788417648547;Una corte de niebla y furia;Sarah J. Maas
9788417648554;Una corte de alas y ruina;Sarah J. Maas